{
  "i18n/i18n.properties": 1726439443881,
  "test/integration/opaTests.qunit.js": 1726439414889,
  "test/integration/pages/RisksList.js": 1726439414889,
  "test/integration/pages/RisksObjectPage.js": 1726439414889,
  "test/integration/FirstJourney.js": 1726439414889,
  "test/testsuite.qunit.js": 1726439414881,
  "xs-app.json": 1726525850924,
  "manifest.json": 1726525850944,
  "Component.js": 1726439414841,
  "test/integration/pages/RisksObjectPage-dbg.js": 1726439414889,
  "test/integration/pages/RisksObjectPage.js.map": 1726525875014,
  "test/integration/pages/RisksList-dbg.js": 1726439414889,
  "test/integration/pages/RisksList.js.map": 1726525875014,
  "test/integration/opaTests.qunit-dbg.js": 1726439414889,
  "test/integration/opaTests.qunit.js.map": 1726525875021,
  "test/integration/FirstJourney-dbg.js": 1726439414889,
  "test/integration/FirstJourney.js.map": 1726525875018,
  "test/testsuite.qunit-dbg.js": 1726439414881,
  "test/testsuite.qunit.js.map": 1726525875017,
  "Component-dbg.js": 1726439414841,
  "Component.js.map": 1726525875016,
  "Component-preload.js": 1726525875080,
  "Component-preload.js.map": 1726525875080,
  "test/integration/opaTests.qunit.html": 1726439414889,
  "test/testsuite.qunit.html": 1726439414873,
  "test/flpSandbox.html": 1726439414873,
  "index.html": 1726439414841
}